{
  "name": "ethereum",
  "engine": {
    "authorityRound": {
      "params": {
        "blockReward": "0x4563918244F40000",
        "stepDuration": "5",
        "validators": {
          "list": [
            "0xae203a3d00e7c0ea613abfc9f284eaee7da74031",
            "0x2594611536b8d101da9a349bd5462fa6392d1552"
          ]
        }
      }
    }
  },
  "params": {
    "gasLimitBoundDivisor": "0x400",
    "maximumExtraDataSize": "0x20",
    "minGasLimit": "0x1388",
    "networkID": "0x2323",
    "eip155Transition": 0,
    "validateChainIdTransition": 0,
    "eip140Transition": 0,
    "eip211Transition": 0,
    "eip214Transition": 0,
    "eip658Transition": 0
  },
  "genesis": {
    "seal": {
      "authorityRound": {
        "step": "0x0",
        "signature": "0x0000000000000000000000000000000000000000000000000000000000000000000000000000000000000000000000000000000000000000000000000000000000"
      }
    },
    "difficulty": "0x100000000000001201021020120102100000",
    "gasLimit": "0x2625A00"
  },
  "accounts": {
    "2594611536b8d101da9a349bd5462fa6392d1552": {
      "balance": "1000000000000000000000000"
    }
  }
}
